CaseNumber,State,County,City,Lat,Long,Year,Month,MonthName,Day,WeekDay,Hour,Function,Route,Fatalities,People,Pedestrian,Vehicle_total,Vehicle_ord,DrunkDriver,CollisionType,LightConditions,Deadly
61125,California,EL DORADO,NOT APPLICABLE,38.68177222,-121.0165611,2019,6,June,1,Saturday,20,Major Collector,Unknown,1,5,0,2,Double,1,The First Harmful Event was Not a Collision with a Motor Vehicle in Transport,Daylight,0.2
61126,California,AMADOR,NOT APPLICABLE,38.25118889,-120.9089639,2019,7,July,6,Saturday,99,Major Collector,Unknown,1,1,0,1,Single,1,The First Harmful Event was Not a Collision with a Motor Vehicle in Transport,Daylight,1
61127,California,SAN JOAQUIN,NOT APPLICABLE,37.92749444,-121.3324,2019,6,June,11,Tuesday,17,Principal Arterial - Other,State Highway,1,2,0,2,Double,0,The First Harmful Event was Not a Collision with a Motor Vehicle in Transport,Daylight,0.5
61128,California,YUBA,NOT APPLICABLE,39.11316667,-121.5604056,2019,8,August,10,Saturday,20,Principal Arterial - Other Freeways and Expressways,State Highway,1,1,0,1,Single,1,The First Harmful Event was Not a Collision with a Motor Vehicle in Transport,Daylight,1
61129,California,SONOMA,NOT APPLICABLE,38.56853056,-123.2493833,2019,4,April,5,Friday,21,Local,Unknown,1,2,0,1,Single,1,The First Harmful Event was Not a Collision with a Motor Vehicle in Transport,Dark - Not Lighted,0.5
61130,California,MONTEREY,NOT APPLICABLE,36.35303889,-121.2678306,2019,7,July,21,Sunday,23,Principal Arterial - Other Freeways and Expressways,U.S. Highway,2,8,0,4,Multiple,0,Front-to-Front,Dark - Not Lighted,0.25
61131,California,ALAMEDA,OAKLAND,37.84733056,-122.2276806,2019,5,May,28,Tuesday,17,Principal Arterial - Other Freeways and Expressways,State Highway,1,1,0,1,Single,0,The First Harmful Event was Not a Collision with a Motor Vehicle in Transport,Daylight,1
61132,California,MERCED,NOT APPLICABLE,37.29963889,-120.693025,2019,5,May,4,Saturday,6,Principal Arterial - Other,State Highway,1,4,0,1,Single,1,The First Harmful Event was Not a Collision with a Motor Vehicle in Transport,Daylight,0.25
61133,California,MERCED,NOT APPLICABLE,37.50755,-120.3166306,2019,6,June,14,Friday,11,Major Collector,Unknown,2,6,0,3,Multiple,0,Sideswipe - Opposite Direction,Daylight,0.333333333
61134,California,SAN DIEGO,SAN DIEGO,32.78760833,-117.2069278,2019,1,January,6,Sunday,5,Interstate,Interstate,1,2,1,3,Multiple,0,Front-to-Rear ,Dark - Lighted,0.5
61135,California,SAN LUIS OBISPO,NOT APPLICABLE,35.63802778,-120.5957528,2019,7,July,13,Saturday,18,Minor Collector,County Road,1,2,0,1,Single,1,The First Harmful Event was Not a Collision with a Motor Vehicle in Transport,Daylight,0.5
61136,California,VENTURA,NOT APPLICABLE,34.50611111,-119.2826778,2019,5,May,22,Wednesday,99,Minor Arterial,State Highway,2,2,0,1,Single,1,The First Harmful Event was Not a Collision with a Motor Vehicle in Transport,Daylight,1
61137,California,SISKIYOU,NOT APPLICABLE,41.63296667,-122.3363722,2019,8,August,1,Thursday,0,Minor Collector,Unknown,1,1,0,1,Single,0,The First Harmful Event was Not a Collision with a Motor Vehicle in Transport,Dark - Not Lighted,1
61138,California,SACRAMENTO,SACRAMENTO,38.55380278,-121.4068472,2019,5,May,7,Tuesday,23,Principal Arterial - Other Freeways and Expressways,U.S. Highway,1,1,1,1,Single,0,The First Harmful Event was Not a Collision with a Motor Vehicle in Transport,Dark - Lighted,1
61139,California,ALAMEDA,OAKLAND,37.82254167,-122.3211111,2019,5,May,29,Wednesday,4,Interstate,Interstate,1,6,0,2,Double,0,Front-to-Rear ,Dark - Lighted,0.166666667
61140,California,ALAMEDA,OAKLAND,37.82993889,-122.26655,2019,5,May,15,Wednesday,15,Principal Arterial - Other Freeways and Expressways,State Highway,1,1,1,1,Single,0,The First Harmful Event was Not a Collision with a Motor Vehicle in Transport,Daylight,1
61141,California,LOS ANGELES,NOT APPLICABLE,34.06836389,-117.8545917,2019,1,January,5,Saturday,23,Interstate,Interstate,1,4,1,1,Single,0,The First Harmful Event was Not a Collision with a Motor Vehicle in Transport,Dark - Not Lighted,0.25
61142,California,ORANGE,NOT APPLICABLE,33.70901667,-117.7242389,2019,2,February,12,Tuesday,11,Principal Arterial - Other Freeways and Expressways,State Highway,1,1,0,1,Single,0,The First Harmful Event was Not a Collision with a Motor Vehicle in Transport,Daylight,1
61143,California,SAN DIEGO,NOT APPLICABLE,32.72073056,-116.8811389,2019,4,April,27,Saturday,6,Principal Arterial - Other,State Highway,1,2,0,2,Double,0,Front-to-Front,Daylight,0.5
61144,California,RIVERSIDE,MENIFEE,33.76669167,-117.1901111,2019,5,May,15,Wednesday,15,Interstate,Interstate,1,1,0,1,Single,0,The First Harmful Event was Not a Collision with a Motor Vehicle in Transport,Daylight,1
61145,California,BUTTE,CHICO,39.74491944,-121.7800417,2019,6,June,24,Monday,13,Minor Arterial,Unknown,1,4,0,2,Double,0,Angle ,Daylight,0.25
61146,California,TULARE,VISALIA,36.28393333,-119.3134889,2019,5,May,5,Sunday,16,Principal Arterial - Other,State Highway,1,4,0,2,Double,1,Angle ,Daylight,0.25
61147,California,SANTA CLARA,LOS ALTOS,37.35676944,-122.0777889,2019,3,March,9,Saturday,9,Major Collector,Unknown,1,2,1,1,Single,0,The First Harmful Event was Not a Collision with a Motor Vehicle in Transport,Daylight,0.5
61148,California,LOS ANGELES,LONG BEACH,33.76805833,-118.1589389,2019,5,May,7,Tuesday,11,Minor Arterial,Unknown,1,2,0,6,Multiple,0,Angle ,Daylight,0.5
61149,California,SAN JOAQUIN,MANTECA,37.78341111,-121.1959111,2019,2,February,15,Friday,19,Major Collector,Unknown,1,2,1,1,Single,0,The First Harmful Event was Not a Collision with a Motor Vehicle in Transport,Dark - Lighted,0.5
61150,California,ORANGE,FULLERTON,33.86621944,-117.9310139,2019,6,June,7,Friday,20,Local,Unknown,1,1,1,1,Single,0,The First Harmful Event was Not a Collision with a Motor Vehicle in Transport,Dark - Lighted,1
61151,California,TRINITY,NOT APPLICABLE,40.77293889,-123.3113722,2019,7,July,30,Tuesday,14,Principal Arterial - Other,State Highway,1,1,0,1,Single,0,The First Harmful Event was Not a Collision with a Motor Vehicle in Transport,Daylight,1
61152,California,KERN,NOT APPLICABLE,35.616,-119.6820278,2019,7,July,7,Sunday,15,Principal Arterial - Other,State Highway,1,3,0,2,Double,0,Front-to-Front,Daylight,0.333333333
61153,California,LOS ANGELES,NOT APPLICABLE,34.03625278,-117.9361833,2019,6,June,14,Friday,21,Principal Arterial - Other,Unknown,1,2,1,1,Single,0,The First Harmful Event was Not a Collision with a Motor Vehicle in Transport,Dark - Not Lighted,0.5
61154,California,LOS ANGELES,LANCASTER,34.70417222,-118.1704889,2019,3,March,26,Tuesday,20,Principal Arterial - Other Freeways and Expressways,State Highway,1,1,1,1,Single,0,The First Harmful Event was Not a Collision with a Motor Vehicle in Transport,Dark - Lighted,1
61155,California,SAN DIEGO,NOT APPLICABLE,33.40681944,-117.1637,2019,7,July,23,Tuesday,16,Major Collector,State Highway,1,4,0,2,Double,0,Angle ,Daylight,0.25
61156,California,SAN DIEGO,VISTA,33.159775,-117.2087917,2019,8,August,13,Tuesday,13,Interstate,State Highway,1,1,0,1,Single,0,The First Harmful Event was Not a Collision with a Motor Vehicle in Transport,Daylight,1
61158,California,SAN LUIS OBISPO,PASO ROBLES,35.60601667,-120.6923111,2019,7,July,24,Wednesday,21,Principal Arterial - Other Freeways and Expressways,U.S. Highway,1,1,0,1,Single,1,The First Harmful Event was Not a Collision with a Motor Vehicle in Transport,Dark - Lighted,1
61159,California,SAN JOAQUIN,NOT APPLICABLE,38.16125556,-121.1524722,2019,5,May,28,Tuesday,22,Principal Arterial - Other,State Highway,1,2,1,1,Single,0,The First Harmful Event was Not a Collision with a Motor Vehicle in Transport,Dark - Not Lighted,0.5
61160,California,SAN MATEO,NOT APPLICABLE,37.35882778,-122.2646167,2019,6,June,30,Sunday,15,Major Collector,State Highway,1,2,0,2,Double,0,Front-to-Front,Daylight,0.5
61161,California,SOLANO,VACAVILLE,38.34836667,-121.9917472,2019,2,February,13,Wednesday,6,Interstate,Interstate,1,1,1,1,Single,0,The First Harmful Event was Not a Collision with a Motor Vehicle in Transport,Dark - Not Lighted,1
61162,California,SAN DIEGO,NOT APPLICABLE,33.07215,-116.8452306,2019,4,April,29,Monday,5,Major Collector,Unknown,1,1,0,1,Single,1,The First Harmful Event was Not a Collision with a Motor Vehicle in Transport,Dawn,1
61163,California,SAN BERNARDINO,COLTON,34.07054722,-117.3615528,2019,5,May,16,Thursday,21,Minor Arterial,Unknown,1,2,0,2,Double,0,Angle ,Dark - Lighted,0.5
61165,California,SAN BERNARDINO,NOT APPLICABLE,34.72126944,-115.9727278,2019,7,July,29,Monday,14,Interstate,Interstate,2,4,0,1,Single,0,The First Harmful Event was Not a Collision with a Motor Vehicle in Transport,Daylight,0.5
61166,California,LOS ANGELES,LOS ANGELES,34.11769167,-118.1731417,2019,5,May,5,Sunday,1,Major Collector,Unknown,2,3,0,5,Multiple,0,Angle ,Dark - Lighted,0.666666667
61167,California,LOS ANGELES,LOS ANGELES,34.0836,-118.3511389,2019,8,August,1,Thursday,22,Minor Collector,Local Street - Municipality,1,2,1,2,Double,1,Angle ,Dark - Lighted,0.5
61168,California,LOS ANGELES,LOS ANGELES,34.02903056,-118.4552083,2019,7,July,12,Friday,22,Minor Arterial,Unknown,1,1,0,1,Single,0,The First Harmful Event was Not a Collision with a Motor Vehicle in Transport,Dark - Lighted,1
61169,California,SAN BERNARDINO,MONTCLAIR,34.06675833,-117.7028028,2019,5,May,24,Friday,20,Major Collector,Unknown,1,3,0,4,Multiple,1,Sideswipe - Same Direction,Dark - Lighted,0.333333333
61170,California,LOS ANGELES,PALMDALE,34.54276944,-118.0179667,2019,7,July,23,Tuesday,7,Principal Arterial - Other,State Highway,3,4,0,2,Double,0,Front-to-Front,Dawn,0.75
61171,California,LOS ANGELES,LANCASTER,34.70406389,-118.20165,2019,8,August,3,Saturday,12,Minor Collector,Local Street - Municipality,1,5,0,2,Double,1,Angle ,Daylight,0.2
61172,California,LOS ANGELES,SAN MARINO,34.12314444,-118.1030528,2019,7,July,4,Thursday,10,Principal Arterial - Other,Unknown,1,2,1,2,Double,0,Sideswipe - Same Direction,Daylight,0.5
61173,California,SACRAMENTO,FOLSOM,38.66403611,-121.1775139,2019,7,July,9,Tuesday,4,Local,Unknown,1,1,0,1,Single,0,The First Harmful Event was Not a Collision with a Motor Vehicle in Transport,Dark - Lighted,1
61174,California,STANISLAUS,TURLOCK,37.52928889,-120.8715139,2019,6,June,26,Wednesday,19,Principal Arterial - Other,Unknown,1,5,1,1,Single,0,The First Harmful Event was Not a Collision with a Motor Vehicle in Transport,Dusk,0.2
61175,California,INYO,NOT APPLICABLE,36.25535556,-117.9931972,2019,7,July,28,Sunday,11,Principal Arterial - Other,U.S. Highway,1,4,1,1,Single,0,The First Harmful Event was Not a Collision with a Motor Vehicle in Transport,Daylight,0.25
61176,California,SACRAMENTO,NOT APPLICABLE,38.66461111,-121.3085806,2019,6,June,21,Friday,16,Minor Arterial,Unknown,1,2,0,2,Double,0,Angle ,Daylight,0.5
61177,California,FRESNO,NOT APPLICABLE,36.73582222,-119.6188111,2019,2,February,4,Monday,17,Principal Arterial - Other,State Highway,2,12,0,9,Multiple,1,Angle ,Daylight,0.166666667
61178,California,SAN DIEGO,SAN DIEGO,32.78750556,-117.1476278,2019,3,March,16,Saturday,2,Interstate,Interstate,1,3,0,3,Multiple,1,Front-to-Front,Dark - Lighted,0.333333333
61179,California,SAN DIEGO,SAN DIEGO,32.7215,-117.1035,2019,4,April,28,Sunday,19,Interstate,Interstate,1,1,0,1,Single,0,The First Harmful Event was Not a Collision with a Motor Vehicle in Transport,Dark - Not Lighted,1
61180,California,SAN DIEGO,NOT APPLICABLE,32.76794444,-116.8827722,2019,4,April,27,Saturday,0,Major Collector,Unknown,1,2,0,2,Double,1,The First Harmful Event was Not a Collision with a Motor Vehicle in Transport,Dark - Not Lighted,0.5
61181,California,SONOMA,WINDSOR,38.554625,-122.8180833,2019,7,July,12,Friday,17,Minor Arterial,Unknown,1,1,1,1,Single,0,The First Harmful Event was Not a Collision with a Motor Vehicle in Transport,Daylight,1
61182,California,SAN BERNARDINO,COLTON,34.08497778,-117.3572278,2019,6,June,23,Sunday,19,Minor Arterial,Unknown,1,3,0,2,Double,1,Angle ,Daylight,0.333333333
61183,California,STANISLAUS,MODESTO,37.66971389,-121.0301278,2019,4,April,5,Friday,19,Principal Arterial - Other,Unknown,1,2,1,1,Single,0,The First Harmful Event was Not a Collision with a Motor Vehicle in Transport,Dusk,0.5
61184,California,BUTTE,NOT APPLICABLE,39.7601,-121.6775194,2019,6,June,3,Monday,10,Local,Unknown,1,2,0,2,Double,0,Angle ,Daylight,0.5
61185,California,SUTTER,NOT APPLICABLE,39.14723889,-121.8299111,2019,8,August,1,Thursday,8,Principal Arterial - Other,State Highway,2,3,0,2,Double,0,Front-to-Front,Daylight,0.666666667
61186,California,SOLANO,NOT APPLICABLE,38.18068611,-122.1868056,2019,1,January,19,Saturday,20,Interstate,Interstate,1,9,0,3,Multiple,0,Sideswipe - Same Direction,Dark - Not Lighted,0.111111111
61187,California,SAN BERNARDINO,NOT APPLICABLE,34.32607778,-117.2678028,2019,7,July,20,Saturday,15,Major Collector,State Highway,1,4,0,3,Multiple,0,Sideswipe - Opposite Direction,Daylight,0.25
61188,California,SAN BERNARDINO,NOT APPLICABLE,34.58916944,-117.26075,2019,7,July,25,Thursday,14,Interstate,Interstate,1,2,1,2,Double,0,The First Harmful Event was Not a Collision with a Motor Vehicle in Transport,Daylight,0.5
61189,California,SACRAMENTO,NOT APPLICABLE,38.66076667,-121.3329444,2019,6,June,28,Friday,0,Principal Arterial - Other,County Road,1,1,1,1,Single,0,The First Harmful Event was Not a Collision with a Motor Vehicle in Transport,Dark - Lighted,1
61190,California,NEVADA,NOT APPLICABLE,39.3159,-120.5558,2019,4,April,27,Saturday,3,Interstate,Interstate,1,1,0,1,Single,0,The First Harmful Event was Not a Collision with a Motor Vehicle in Transport,Dark - Not Lighted,1
61191,California,SACRAMENTO,SACRAMENTO,38.56455,-121.4955083,2019,6,June,9,Sunday,0,Principal Arterial - Other Freeways and Expressways,U.S. Highway,2,2,0,1,Single,1,The First Harmful Event was Not a Collision with a Motor Vehicle in Transport,Dark - Lighted,1
61192,California,CONTRA COSTA,ANTIOCH,37.96357778,-121.7416833,2019,3,March,30,Saturday,1,Principal Arterial - Other Freeways and Expressways,State Highway,1,1,0,1,Single,0,The First Harmful Event was Not a Collision with a Motor Vehicle in Transport,Dark - Not Lighted,1
61193,California,CONTRA COSTA,ORINDA,37.88616944,-122.1786333,2019,8,August,1,Thursday,20,Principal Arterial - Other Freeways and Expressways,State Highway,1,1,0,1,Single,0,The First Harmful Event was Not a Collision with a Motor Vehicle in Transport,Dark - Not Lighted,1
61194,California,FRESNO,NOT APPLICABLE,36.73472222,-120.1035111,2019,1,January,9,Wednesday,6,Principal Arterial - Other,State Highway,1,1,1,1,Single,0,The First Harmful Event was Not a Collision with a Motor Vehicle in Transport,Dark - Not Lighted,1
61195,California,MADERA,NOT APPLICABLE,36.92304444,-119.9197389,2019,4,April,13,Saturday,16,Minor Arterial,Unknown,2,6,0,2,Double,0,Front-to-Front,Daylight,0.333333333
61196,California,SAN DIEGO,SAN DIEGO,32.56780833,-117.07585,2019,3,March,12,Tuesday,23,Interstate,Interstate,1,1,0,1,Single,1,The First Harmful Event was Not a Collision with a Motor Vehicle in Transport,Dark - Lighted,1
61197,California,SAN DIEGO,CHULA VISTA,32.63575556,-116.9711972,2019,4,April,25,Thursday,6,Principal Arterial - Other Freeways and Expressways,State Highway,1,6,0,2,Double,0,The First Harmful Event was Not a Collision with a Motor Vehicle in Transport,Daylight,0.166666667
61198,California,SAN DIEGO,ESCONDIDO,33.16064444,-117.0936861,2019,6,June,21,Friday,6,Major Collector,Unknown,1,1,0,1,Single,0,The First Harmful Event was Not a Collision with a Motor Vehicle in Transport,Daylight,1
61199,California,LOS ANGELES,POMONA,34.05041111,-117.8206472,2019,6,June,23,Sunday,13,Principal Arterial - Other,Local Street - Municipality,1,1,0,1,Single,0,The First Harmful Event was Not a Collision with a Motor Vehicle in Transport,Daylight,1
61200,California,RIVERSIDE,Other,33.96451111,-117.5506583,2019,5,May,30,Thursday,2,Local,Unknown,1,1,1,1,Single,0,The First Harmful Event was Not a Collision with a Motor Vehicle in Transport,Dark - Lighted,1
61201,California,MONTEREY,KING CITY,36.20479722,-121.1152306,2019,1,January,30,Wednesday,20,Minor Arterial,Unknown,1,5,1,3,Multiple,0,The First Harmful Event was Not a Collision with a Motor Vehicle in Transport,Dark - Not Lighted,0.2
61202,California,LOS ANGELES,WHITTIER,33.94035,-117.9828083,2019,7,July,28,Sunday,0,Principal Arterial - Other,Local Street - Municipality,1,1,0,1,Single,1,The First Harmful Event was Not a Collision with a Motor Vehicle in Transport,Dark - Lighted,1
61203,California,SAN DIEGO,SAN DIEGO,32.84327222,-117.1753,2019,1,January,24,Thursday,17,Interstate,Interstate,1,1,1,1,Single,0,The First Harmful Event was Not a Collision with a Motor Vehicle in Transport,Dark - Not Lighted,1
61204,California,LOS ANGELES,LOS ANGELES,34.22136667,-118.4750833,2019,8,August,4,Sunday,0,Principal Arterial - Other,Unknown,1,1,1,1,Single,0,The First Harmful Event was Not a Collision with a Motor Vehicle in Transport,Dark - Lighted,1
61205,California,LOS ANGELES,LOS ANGELES,34.25486944,-118.4542944,2019,8,August,6,Tuesday,21,Principal Arterial - Other,Unknown,1,2,0,2,Double,0,The First Harmful Event was Not a Collision with a Motor Vehicle in Transport,Dark - Lighted,0.5
61206,California,LAKE,NOT APPLICABLE,38.91455556,-122.6892333,2019,5,May,19,Sunday,12,Principal Arterial - Other,State Highway,1,2,0,2,Double,0,Angle ,Daylight,0.5
61207,California,TUOLUMNE,NOT APPLICABLE,37.95601389,-120.4226722,2019,8,August,1,Thursday,12,Principal Arterial - Other,State Highway,1,1,0,1,Single,0,The First Harmful Event was Not a Collision with a Motor Vehicle in Transport,Daylight,1
61208,California,BUTTE,NOT APPLICABLE,39.61502778,-121.4416694,2019,5,May,19,Sunday,18,Major Collector,Unknown,1,1,0,1,Single,0,The First Harmful Event was Not a Collision with a Motor Vehicle in Transport,Daylight,1
61209,California,SACRAMENTO,NOT APPLICABLE,38.47761667,-121.371825,2019,1,January,29,Tuesday,6,Principal Arterial - Other,Unknown,1,1,1,1,Single,0,The First Harmful Event was Not a Collision with a Motor Vehicle in Transport,Dark - Lighted,1
61210,California,KERN,NOT APPLICABLE,35.37626389,-118.9183333,2019,6,June,30,Sunday,19,Principal Arterial - Other,Unknown,1,1,1,1,Single,0,The First Harmful Event was Not a Collision with a Motor Vehicle in Transport,Daylight,1
61211,California,MADERA,NOT APPLICABLE,36.85126111,-120.110175,2019,6,June,14,Friday,18,Major Collector,Unknown,1,2,0,2,Double,1,Angle ,Daylight,0.5
61212,California,RIVERSIDE,NOT APPLICABLE,33.69248611,-117.1198667,2019,6,June,25,Tuesday,7,Minor Arterial,Unknown,1,1,0,1,Single,0,The First Harmful Event was Not a Collision with a Motor Vehicle in Transport,Daylight,1
61213,California,ORANGE,NEWPORT BEACH,33.56678889,-117.8300917,2019,7,July,30,Tuesday,21,Principal Arterial - Other,State Highway,1,1,1,1,Single,0,The First Harmful Event was Not a Collision with a Motor Vehicle in Transport,Dark - Lighted,1
61214,California,LOS ANGELES,WHITTIER,33.97359722,-118.0455778,2019,7,July,17,Wednesday,20,Principal Arterial - Other,Unknown,1,1,0,1,Single,0,The First Harmful Event was Not a Collision with a Motor Vehicle in Transport,Dark - Lighted,1
61215,California,LOS ANGELES,POMONA,34.05541944,-117.7378083,2019,3,March,3,Sunday,18,Principal Arterial - Other,Unknown,1,2,1,1,Single,0,The First Harmful Event was Not a Collision with a Motor Vehicle in Transport,Dark - Lighted,0.5
61216,California,SAN DIEGO,LA MESA,32.78378333,-117.0276,2019,6,June,25,Tuesday,15,Principal Arterial - Other,Unknown,1,1,1,1,Single,0,The First Harmful Event was Not a Collision with a Motor Vehicle in Transport,Daylight,1
61217,California,SAN JOAQUIN,NOT APPLICABLE,37.89009444,-121.5316944,2019,7,July,23,Tuesday,20,Principal Arterial - Other,State Highway,1,3,0,2,Double,0,Front-to-Rear ,Dusk,0.333333333
61218,California,ALAMEDA,OAKLAND,37.78306944,-122.1761194,2019,7,July,1,Monday,17,Interstate,Interstate,1,2,0,1,Single,0,The First Harmful Event was Not a Collision with a Motor Vehicle in Transport,Daylight,0.5
61219,California,KERN,NOT APPLICABLE,35.02764444,-118.9582028,2019,8,August,8,Thursday,15,Principal Arterial - Other Freeways and Expressways,State Highway,2,11,0,4,Multiple,1,Sideswipe - Opposite Direction,Daylight,0.181818182
61220,California,SACRAMENTO,NOT APPLICABLE,38.27366667,-121.4554167,2019,3,March,28,Thursday,10,Interstate,Interstate,1,1,0,1,Single,0,The First Harmful Event was Not a Collision with a Motor Vehicle in Transport,Daylight,1
61222,California,RIVERSIDE,NOT APPLICABLE,33.68653889,-115.2579611,2019,6,June,27,Thursday,18,Interstate,Interstate,2,4,0,1,Single,0,The First Harmful Event was Not a Collision with a Motor Vehicle in Transport,Daylight,0.5
61223,California,LOS ANGELES,PALMDALE,34.61668889,-117.9340583,2019,7,July,14,Sunday,21,Major Collector,Unknown,1,3,0,2,Double,1,Angle ,Dark - Lighted,0.333333333
61225,California,LOS ANGELES,NOT APPLICABLE,34.22114722,-118.2399417,2019,6,June,11,Tuesday,15,Minor Arterial,Unknown,1,6,0,3,Multiple,0,Front-to-Rear ,Daylight,0.166666667
61226,California,SISKIYOU,NOT APPLICABLE,41.55326389,-122.4756333,2019,7,July,20,Saturday,19,Minor Collector,Unknown,1,1,0,1,Single,1,The First Harmful Event was Not a Collision with a Motor Vehicle in Transport,Daylight,1
61227,California,MENDOCINO,NOT APPLICABLE,39.3206,-123.8005639,2019,5,May,25,Saturday,9,Minor Arterial,State Highway,1,3,0,2,Double,0,Front-to-Front,Daylight,0.333333333
61229,California,SAN DIEGO,NOT APPLICABLE,33.00551389,-116.8192,2019,5,May,1,Wednesday,12,Major Collector,Unknown,1,3,0,2,Double,0,Angle ,Daylight,0.333333333
61230,California,SAN BERNARDINO,NOT APPLICABLE,35.16341389,-114.8446167,2019,4,April,26,Friday,6,Principal Arterial - Other,U.S. Highway,1,2,0,2,Double,0,Front-to-Front,Daylight,0.5
61231,California,LOS ANGELES,LONG BEACH,33.80391389,-118.1427861,2019,1,January,7,Monday,12,Principal Arterial - Other,Unknown,1,3,0,2,Double,0,The First Harmful Event was Not a Collision with a Motor Vehicle in Transport,Daylight,0.333333333
61232,California,LOS ANGELES,BELL,33.98653333,-118.1707306,2019,5,May,20,Monday,6,Principal Arterial - Other,Local Street - Municipality,1,2,0,2,Double,0,The First Harmful Event was Not a Collision with a Motor Vehicle in Transport,Daylight,0.5
61233,California,LOS ANGELES,TORRANCE,33.83934722,-118.3287444,2019,3,March,16,Saturday,6,Principal Arterial - Other,Unknown,1,1,1,1,Single,1,The First Harmful Event was Not a Collision with a Motor Vehicle in Transport,Dark - Lighted,1
61234,California,LOS ANGELES,ALHAMBRA,34.09153889,-118.1520056,2019,6,June,10,Monday,8,Principal Arterial - Other,Local Street - Municipality,1,2,0,2,Double,0,Front-to-Rear ,Daylight,0.5
61235,California,SUTTER,NOT APPLICABLE,39.04441111,-121.6344833,2019,8,August,4,Sunday,14,Principal Arterial - Other,State Highway,1,2,0,2,Double,0,Front-to-Front,Daylight,0.5
61236,California,MENDOCINO,NOT APPLICABLE,38.87575278,-123.0450639,2019,6,June,18,Tuesday,17,Principal Arterial - Other Freeways and Expressways,U.S. Highway,1,1,0,1,Single,1,The First Harmful Event was Not a Collision with a Motor Vehicle in Transport,Daylight,1
61237,California,LOS ANGELES,NOT APPLICABLE,33.95760833,-118.2310333,2019,4,April,26,Friday,22,Principal Arterial - Other,Local Street - Municipality,1,1,1,1,Single,0,The First Harmful Event was Not a Collision with a Motor Vehicle in Transport,Dark - Lighted,1
61238,California,ORANGE,SEAL BEACH,33.7742,-118.0576194,2019,6,June,24,Monday,15,Interstate,Interstate,1,6,0,4,Multiple,0,Sideswipe - Same Direction,Daylight,0.166666667
61239,California,MONTEREY,NOT APPLICABLE,36.84178056,-121.6878306,2019,5,May,31,Friday,5,Major Collector,Unknown,3,5,0,2,Double,0,Front-to-Front,Dawn,0.6
61240,California,SANTA BARBARA,NOT APPLICABLE,34.69270278,-120.4586361,2019,7,July,26,Friday,11,Principal Arterial - Other,State Highway,1,3,0,3,Multiple,0,Sideswipe - Same Direction,Daylight,0.333333333
61241,California,YOLO,NOT APPLICABLE,38.38755556,-121.5158111,2019,5,May,8,Wednesday,19,Minor Collector,Unknown,1,3,0,1,Single,1,The First Harmful Event was Not a Collision with a Motor Vehicle in Transport,Dark - Lighted,0.333333333
61242,California,MERCED,NOT APPLICABLE,37.28310833,-120.3228,2019,6,June,22,Saturday,19,Local,Unknown,1,3,0,2,Double,0,Angle ,Daylight,0.333333333
61243,California,SAN DIEGO,SAN DIEGO,32.71431667,-117.14775,2019,2,February,25,Monday,13,Interstate,Interstate,1,3,0,2,Double,0,The First Harmful Event was Not a Collision with a Motor Vehicle in Transport,Daylight,0.333333333
61244,California,SAN BENITO,NOT APPLICABLE,36.89561111,-121.3636528,2019,5,May,12,Sunday,15,Minor Arterial,Unknown,1,4,0,2,Double,1,Front-to-Front,Daylight,0.25
61245,California,RIVERSIDE,CORONA,33.88091667,-117.5751389,2019,4,April,18,Thursday,0,Principal Arterial - Other Freeways and Expressways,State Highway,1,7,0,5,Multiple,0,Front-to-Rear ,Dark - Not Lighted,0.142857143
61246,California,SAN BERNARDINO,SAN BERNARDINO,34.07777778,-117.2963472,2019,3,March,19,Tuesday,21,Interstate,Interstate,1,2,1,1,Single,0,The First Harmful Event was Not a Collision with a Motor Vehicle in Transport,Dark - Lighted,0.5
61247,California,FRESNO,NOT APPLICABLE,37.32081111,-119.0776694,2019,7,July,17,Wednesday,15,Local,Unknown,1,2,1,1,Single,0,The First Harmful Event was Not a Collision with a Motor Vehicle in Transport,Daylight,0.5
61248,California,SAN FRANCISCO,SAN FRANCISCO,37.78440833,-122.4093083,2019,7,July,18,Thursday,5,Minor Arterial,Unknown,1,1,1,1,Single,0,The First Harmful Event was Not a Collision with a Motor Vehicle in Transport,Dark - Lighted,1
61249,California,LOS ANGELES,LOS ANGELES,33.95800556,-118.2738778,2019,7,July,3,Wednesday,5,Minor Arterial,Unknown,1,2,1,1,Single,1,The First Harmful Event was Not a Collision with a Motor Vehicle in Transport,Dark - Lighted,0.5
61250,California,LOS ANGELES,TORRANCE,33.84678056,-118.3249111,2019,3,March,26,Tuesday,20,Principal Arterial - Other,Unknown,1,2,1,1,Single,0,The First Harmful Event was Not a Collision with a Motor Vehicle in Transport,Dark - Lighted,0.5
61251,California,LOS ANGELES,LOS ANGELES,34.02829722,-118.39035,2019,8,August,9,Friday,0,Principal Arterial - Other,Unknown,1,3,1,1,Single,0,The First Harmful Event was Not a Collision with a Motor Vehicle in Transport,Dark - Lighted,0.333333333
61252,California,LOS ANGELES,LOS ANGELES,34.235475,-118.4517056,2019,8,August,3,Saturday,8,Principal Arterial - Other,Unknown,1,1,1,1,Single,1,The First Harmful Event was Not a Collision with a Motor Vehicle in Transport,Daylight,1
61253,California,LOS ANGELES,REDONDO BEACH,33.87278056,-118.372775,2019,8,August,11,Sunday,18,Principal Arterial - Other,Unknown,1,2,0,2,Double,1,Angle ,Daylight,0.5
61254,California,SANTA CLARA,SAN JOSE,37.246875,-121.7802917,2019,1,January,12,Saturday,20,Major Collector,Unknown,1,1,0,2,Double,1,The First Harmful Event was Not a Collision with a Motor Vehicle in Transport,Dark - Lighted,1