CaseNumber,State,County,City,Lat,Long,Year,Month,MonthName,Day,WeekDay,Hour,Function,Route,Fatalities,People,Pedestrian,Vehicle_total,Vehicle_ord,DrunkDriver,CollisionType,LightConditions,Deadly
61505,California,KERN,NOT APPLICABLE,35.35434444,-119.2329917,2019,8,August,21,Wednesday,8,Minor Arterial,Unknown,1,3,0,2,Double,0,Angle ,Daylight,0.333333333
61506,California,TULARE,NOT APPLICABLE,36.20305278,-119.4391083,2019,5,May,12,Sunday,18,Minor Arterial,State Highway,2,3,0,2,Double,1,Angle ,Daylight,0.666666667
61507,California,LOS ANGELES,LOS ANGELES,34.12646111,-118.3446417,2019,1,January,12,Saturday,5,Principal Arterial - Other,U.S. Highway,1,2,0,2,Double,0,Reported as Unknown,Dark - Lighted,0.5
61508,California,SACRAMENTO,SACRAMENTO,38.63005833,-121.4142139,2019,7,July,3,Wednesday,99,Minor Arterial,Unknown,1,1,1,1,Single,0,The First Harmful Event was Not a Collision with a Motor Vehicle in Transport,Dark - Not Lighted,1
61509,California,LOS ANGELES,LOS ANGELES,34.22495833,-118.3617694,2019,4,April,10,Wednesday,19,Minor Arterial,Unknown,1,1,1,1,Single,0,The First Harmful Event was Not a Collision with a Motor Vehicle in Transport,Dark - Lighted,1
61510,California,SAN DIEGO,NOT APPLICABLE,32.62228889,-116.4748361,2019,9,September,7,Saturday,14,Minor Arterial,State Highway,1,2,0,2,Double,0,Front-to-Front,Daylight,0.5
61511,California,SACRAMENTO,NOT APPLICABLE,38.62739722,-121.3828611,2019,8,August,18,Sunday,21,Principal Arterial - Other,Local Street - Municipality,1,1,1,1,Single,0,The First Harmful Event was Not a Collision with a Motor Vehicle in Transport,Dark - Not Lighted,1
61512,California,SACRAMENTO,SACRAMENTO,38.65267222,-121.5312028,2019,8,August,25,Sunday,11,Interstate,Interstate,1,5,0,4,Multiple,0,Front-to-Rear ,Daylight,0.2
61513,California,PLUMAS,NOT APPLICABLE,39.71582222,-120.5333667,2019,9,September,2,Monday,8,Minor Arterial,State Highway,1,1,0,1,Single,1,The First Harmful Event was Not a Collision with a Motor Vehicle in Transport,Daylight,1
61514,California,SAN DIEGO,NOT APPLICABLE,33.22830556,-116.9995861,2019,8,August,4,Sunday,16,Minor Arterial,Unknown,1,2,0,2,Double,0,Front-to-Front,Daylight,0.5
61515,California,RIVERSIDE,RIVERSIDE,33.91574167,-117.440425,2019,4,April,24,Wednesday,10,Principal Arterial - Other Freeways and Expressways,State Highway,1,2,0,2,Double,0,Sideswipe - Same Direction,Daylight,0.5
61516,California,SAN BERNARDINO,SAN BERNARDINO,34.13653889,-117.2387278,2019,5,May,29,Wednesday,11,Principal Arterial - Other Freeways and Expressways,State Highway,1,1,1,1,Single,0,The First Harmful Event was Not a Collision with a Motor Vehicle in Transport,Daylight,1
61517,California,SAN BERNARDINO,NOT APPLICABLE,34.05701111,-117.3965167,2019,6,June,9,Sunday,21,Minor Arterial,Unknown,1,1,0,1,Single,1,The First Harmful Event was Not a Collision with a Motor Vehicle in Transport,Dark - Lighted,1
61518,California,LOS ANGELES,WHITTIER,33.95783333,-118.0233139,2019,8,August,19,Monday,2,Principal Arterial - Other,Unknown,1,1,0,1,Single,0,The First Harmful Event was Not a Collision with a Motor Vehicle in Transport,Dark - Lighted,1
61519,California,SACRAMENTO,SACRAMENTO,38.64268056,-121.4281306,2019,9,September,13,Friday,12,Interstate,Interstate,2,2,0,1,Single,0,The First Harmful Event was Not a Collision with a Motor Vehicle in Transport,Daylight,1
61520,California,SAN JOAQUIN,NOT APPLICABLE,37.75613889,-121.5570611,2019,8,August,21,Wednesday,19,Major Collector,Unknown,1,2,0,2,Double,1,Angle ,Daylight,0.5
61521,California,EL DORADO,NOT APPLICABLE,38.73045,-120.8174861,2019,7,July,6,Saturday,0,Principal Arterial - Other Freeways and Expressways,U.S. Highway,1,1,0,1,Single,1,The First Harmful Event was Not a Collision with a Motor Vehicle in Transport,Dark - Lighted,1
61522,California,YOLO,NOT APPLICABLE,38.67344444,-121.6329417,2019,6,June,18,Tuesday,21,Interstate,Interstate,1,7,0,2,Double,0,Front-to-Rear ,Dark - Not Lighted,0.142857143
61523,California,LOS ANGELES,LONG BEACH,33.87198889,-118.1936361,2019,4,April,25,Thursday,18,Interstate,Interstate,1,1,0,1,Single,0,The First Harmful Event was Not a Collision with a Motor Vehicle in Transport,Daylight,1
61524,California,LOS ANGELES,CERRITOS,33.87635833,-118.0871472,2019,6,June,5,Wednesday,2,Principal Arterial - Other Freeways and Expressways,State Highway,1,1,0,1,Single,1,The First Harmful Event was Not a Collision with a Motor Vehicle in Transport,Dark - Not Lighted,1
61525,California,RIVERSIDE,RIVERSIDE,33.95983889,-117.3069694,2019,5,May,4,Saturday,16,Interstate,Interstate,1,3,0,2,Double,1,Sideswipe - Same Direction,Daylight,0.333333333
61526,California,LOS ANGELES,LOS ANGELES,34.09071944,-118.3366889,2019,8,August,21,Wednesday,5,Principal Arterial - Other,Unknown,1,1,1,1,Single,0,The First Harmful Event was Not a Collision with a Motor Vehicle in Transport,Dark - Lighted,1
61527,California,LOS ANGELES,PALMDALE,34.61653333,-118.1610222,2019,7,July,30,Tuesday,15,Minor Collector,Local Street - Municipality,1,3,0,2,Double,0,Angle ,Daylight,0.333333333
61528,California,SAN DIEGO,VISTA,33.16589444,-117.2157361,2019,8,August,8,Thursday,21,Minor Collector,Local Street - Municipality,1,1,1,1,Single,0,The First Harmful Event was Not a Collision with a Motor Vehicle in Transport,Dark - Lighted,1
61529,California,SAN DIEGO,SAN DIEGO,32.79376389,-117.0951417,2019,8,August,23,Friday,19,Principal Arterial - Other,Unknown,1,2,0,2,Double,0,Angle ,Dark - Lighted,0.5
61530,California,LOS ANGELES,PARAMOUNT,33.88733056,-118.1513944,2019,8,August,17,Saturday,23,Minor Collector,Local Street - Municipality,1,2,0,2,Double,1,Angle ,Dark - Lighted,0.5
61531,California,ALAMEDA,FREMONT,37.49359167,-121.9255083,2019,6,June,19,Wednesday,5,Principal Arterial - Other,State Highway,1,2,0,2,Double,0,Angle ,Dawn,0.5
61532,California,LOS ANGELES,PASADENA,34.14809444,-118.1280722,2019,2,February,7,Thursday,12,Major Collector,Unknown,1,2,0,2,Double,0,Angle ,Daylight,0.5
61533,California,ALAMEDA,HAYWARD,37.60606944,-122.0586694,2019,4,April,12,Friday,23,Minor Arterial,Unknown,1,1,1,1,Single,1,The First Harmful Event was Not a Collision with a Motor Vehicle in Transport,Dark - Lighted,1
61534,California,YOLO,NOT APPLICABLE,38.67340278,-121.6332611,2019,8,August,4,Sunday,9,Interstate,Interstate,1,4,0,2,Double,0,Front-to-Rear ,Daylight,0.25
61535,California,LOS ANGELES,LOS ANGELES,34.08048333,-118.2220417,2019,7,July,12,Friday,18,Principal Arterial - Other,State Highway,1,1,0,1,Single,1,The First Harmful Event was Not a Collision with a Motor Vehicle in Transport,Daylight,1
61536,California,EL DORADO,NOT APPLICABLE,38.8744,-120.0056,2019,9,September,7,Saturday,11,Principal Arterial - Other Freeways and Expressways,U.S. Highway,1,2,0,2,Double,0,Angle ,Daylight,0.5
61537,California,SACRAMENTO,SACRAMENTO,38.59393056,-121.50395,2019,6,June,22,Saturday,3,Interstate,Interstate,2,4,0,1,Single,1,The First Harmful Event was Not a Collision with a Motor Vehicle in Transport,Dark - Lighted,0.5
61538,California,MERCED,NOT APPLICABLE,37.054175,-120.6898583,2019,9,September,14,Saturday,20,Principal Arterial - Other,State Highway,1,5,0,2,Double,0,Angle ,Dark - Not Lighted,0.2
61539,California,ORANGE,SEAL BEACH,33.77895,-118.0896806,2019,7,July,26,Friday,23,Interstate,Interstate,1,1,1,1,Single,0,The First Harmful Event was Not a Collision with a Motor Vehicle in Transport,Dark - Lighted,1
61540,California,VENTURA,NOT APPLICABLE,34.35798611,-119.3157139,2019,6,June,8,Saturday,14,Local,Unknown,2,2,0,1,Single,0,The First Harmful Event was Not a Collision with a Motor Vehicle in Transport,Daylight,1
61541,California,VENTURA,NOT APPLICABLE,34.41103889,-118.7828611,2019,4,April,25,Thursday,17,Principal Arterial - Other,State Highway,1,7,0,5,Multiple,0,Front-to-Rear ,Daylight,0.142857143
61542,California,SAN BERNARDINO,NOT APPLICABLE,34.44404444,-116.9040194,2019,9,September,12,Thursday,20,Minor Arterial,State Highway,1,1,1,1,Single,0,The First Harmful Event was Not a Collision with a Motor Vehicle in Transport,Dark - Not Lighted,1
61543,California,SAN BERNARDINO,NOT APPLICABLE,34.46497778,-117.5727306,2019,9,September,16,Monday,19,Major Collector,Unknown,1,1,1,1,Single,0,The First Harmful Event was Not a Collision with a Motor Vehicle in Transport,Dark - Not Lighted,1
61544,California,YOLO,DAVIS,38.54866111,-121.7142111,2019,5,May,10,Friday,22,Interstate,Interstate,3,4,0,1,Single,0,The First Harmful Event was Not a Collision with a Motor Vehicle in Transport,Dark - Not Lighted,0.75
61545,California,RIVERSIDE,NOT APPLICABLE,33.74335278,-117.107575,2019,8,August,8,Thursday,20,Principal Arterial - Other,State Highway,1,1,1,1,Single,0,The First Harmful Event was Not a Collision with a Motor Vehicle in Transport,Dark - Lighted,1
61546,California,KERN,NOT APPLICABLE,35.63333056,-119.6661861,2019,7,July,17,Wednesday,0,Interstate,Interstate,1,4,0,4,Multiple,0,Front-to-Rear ,Dark - Not Lighted,0.25
61547,California,SAN BERNARDINO,APPLE VALLEY,34.61574722,-117.1716056,2019,8,August,28,Wednesday,99,Major Collector,Unknown,1,1,0,1,Single,0,The First Harmful Event was Not a Collision with a Motor Vehicle in Transport,Dark - Not Lighted,1
61548,California,SONOMA,SANTA ROSA,38.49111389,-122.7205639,2019,7,July,1,Monday,0,Local,Unknown,1,3,0,1,Single,0,The First Harmful Event was Not a Collision with a Motor Vehicle in Transport,Dark - Lighted,0.333333333
61549,California,SAN BERNARDINO,HIGHLAND,34.10492222,-117.2599194,2019,7,July,19,Friday,12,Minor Arterial,Unknown,1,1,0,1,Single,0,The First Harmful Event was Not a Collision with a Motor Vehicle in Transport,Daylight,1
61550,California,LOS ANGELES,NOT APPLICABLE,34.50645556,-117.9014278,2019,4,April,6,Saturday,11,Principal Arterial - Other,State Highway,1,1,0,1,Single,0,The First Harmful Event was Not a Collision with a Motor Vehicle in Transport,Daylight,1
61551,California,YOLO,NOT APPLICABLE,38.61909722,-121.7296361,2019,6,June,19,Wednesday,11,Minor Arterial,County Road,2,3,0,2,Double,0,Angle ,Daylight,0.666666667
61552,California,YOLO,WEST SACRAMENTO,38.57551111,-121.5679444,2019,7,July,5,Friday,4,Principal Arterial - Other Freeways and Expressways,U.S. Highway,1,2,1,2,Double,0,The First Harmful Event was Not a Collision with a Motor Vehicle in Transport,Dark - Not Lighted,0.5
61553,California,SANTA CLARA,SAN JOSE,37.35877778,-121.82155,2019,5,May,4,Saturday,6,Minor Arterial,Unknown,1,1,0,1,Single,0,The First Harmful Event was Not a Collision with a Motor Vehicle in Transport,Dawn,1
61554,California,CONTRA COSTA,PITTSBURG,38.01578333,-121.9483972,2019,7,July,5,Friday,6,Principal Arterial - Other,Unknown,1,4,0,2,Double,1,Angle ,Daylight,0.25
61555,California,LOS ANGELES,LOS ANGELES,34.09098056,-118.2113083,2019,7,July,25,Thursday,2,Principal Arterial - Other,Unknown,1,3,0,1,Single,0,The First Harmful Event was Not a Collision with a Motor Vehicle in Transport,Dark - Lighted,0.333333333
61556,California,LOS ANGELES,LOS ANGELES,34.02159722,-118.2048417,2019,5,May,31,Friday,21,Minor Arterial,Unknown,1,1,1,1,Single,0,The First Harmful Event was Not a Collision with a Motor Vehicle in Transport,Dark - Lighted,1
61557,California,LOS ANGELES,LOS ANGELES,34.00386944,-118.2687722,2019,6,June,13,Thursday,23,Minor Arterial,Unknown,1,2,1,1,Single,0,The First Harmful Event was Not a Collision with a Motor Vehicle in Transport,Dark - Lighted,0.5
61558,California,SAN BERNARDINO,HIGHLAND,34.10293611,-117.1822778,2019,8,August,27,Tuesday,19,Principal Arterial - Other,Unknown,1,4,0,2,Double,0,The First Harmful Event was Not a Collision with a Motor Vehicle in Transport,Dark - Not Lighted,0.25
61559,California,LOS ANGELES,LOS ANGELES,33.92724444,-118.2739028,2019,7,July,26,Friday,22,Minor Arterial,Unknown,1,1,1,1,Single,0,The First Harmful Event was Not a Collision with a Motor Vehicle in Transport,Dark - Lighted,1
61560,California,CONTRA COSTA,NOT APPLICABLE,37.96147778,-121.7016667,2019,6,June,9,Sunday,5,Principal Arterial - Other,Unknown,1,2,0,1,Single,1,The First Harmful Event was Not a Collision with a Motor Vehicle in Transport,Dawn,0.5
61561,California,LOS ANGELES,NOT APPLICABLE,34.76367222,-117.9698833,2019,7,July,19,Friday,11,Principal Arterial - Other,Local Street - Municipality,4,5,0,2,Double,0,Angle ,Daylight,0.8
61562,California,SAN BERNARDINO,RANCHO CUCAMONGA,34.136475,-117.5320694,2019,7,July,4,Thursday,22,Principal Arterial - Other Freeways and Expressways,State Highway,1,4,0,2,Double,1,Front-to-Rear ,Dark - Lighted,0.25
61563,California,VENTURA,NOT APPLICABLE,34.06624444,-119.0057083,2019,8,August,4,Sunday,12,Principal Arterial - Other,State Highway,1,3,0,2,Double,1,The First Harmful Event was Not a Collision with a Motor Vehicle in Transport,Daylight,0.333333333
61564,California,CALAVERAS,NOT APPLICABLE,38.14094167,-120.4538278,2019,8,August,25,Sunday,16,Minor Arterial,State Highway,1,2,0,2,Double,0,Front-to-Front,Daylight,0.5
61565,California,YOLO,NOT APPLICABLE,38.69883056,-121.7466194,2019,5,May,2,Thursday,3,Local,County Road,1,2,0,1,Single,1,The First Harmful Event was Not a Collision with a Motor Vehicle in Transport,Dark - Not Lighted,0.5
61566,California,KERN,NOT APPLICABLE,35.34816111,-119.3267389,2019,8,August,9,Friday,23,Interstate,Interstate,1,5,0,1,Single,0,The First Harmful Event was Not a Collision with a Motor Vehicle in Transport,Dark - Not Lighted,0.2
61567,California,SAN DIEGO,LA MESA,32.75435278,-117.0098889,2019,9,September,11,Wednesday,11,Principal Arterial - Other Freeways and Expressways,State Highway,1,1,0,1,Single,0,The First Harmful Event was Not a Collision with a Motor Vehicle in Transport,Daylight,1
61568,California,LOS ANGELES,LOS ANGELES,33.97546111,-118.2695889,2019,8,August,31,Saturday,5,Minor Arterial,Unknown,1,1,1,1,Single,0,The First Harmful Event was Not a Collision with a Motor Vehicle in Transport,Dark - Lighted,1
61569,California,LOS ANGELES,COMMERCE,34.00695278,-118.1794194,2019,4,April,29,Monday,21,Principal Arterial - Other,Unknown,2,4,0,2,Double,0,Front-to-Rear ,Dark - Not Lighted,0.5
61570,California,MODOC,NOT APPLICABLE,41.50925,-121.0286,2019,9,September,10,Tuesday,15,Principal Arterial - Other,State Highway,1,1,0,1,Single,0,The First Harmful Event was Not a Collision with a Motor Vehicle in Transport,Daylight,1
61571,California,NAPA,NOT APPLICABLE,38.58876111,-122.6071,2019,9,September,11,Wednesday,20,Minor Arterial,State Highway,1,2,0,2,Double,0,Angle ,Dark - Not Lighted,0.5
61572,California,FRESNO,NOT APPLICABLE,37.09467222,-119.3182,2019,7,July,16,Tuesday,17,Minor Arterial,State Highway,1,2,0,2,Double,0,Angle ,Daylight,0.5
61573,California,RIVERSIDE,RIVERSIDE,33.97378056,-117.3729111,2019,3,March,12,Tuesday,14,Principal Arterial - Other Freeways and Expressways,State Highway,1,1,0,1,Single,0,The First Harmful Event was Not a Collision with a Motor Vehicle in Transport,Daylight,1
61574,California,LOS ANGELES,LOS ANGELES,33.88532778,-118.2884139,2019,8,August,4,Sunday,21,Principal Arterial - Other,Unknown,1,2,1,2,Double,0,Sideswipe - Same Direction,Dark - Lighted,0.5
61575,California,LOS ANGELES,LOS ANGELES,33.93243889,-118.265225,2019,8,August,2,Friday,20,Principal Arterial - Other,Unknown,1,1,1,1,Single,0,The First Harmful Event was Not a Collision with a Motor Vehicle in Transport,Dark - Lighted,1
61576,California,ALAMEDA,OAKLAND,37.81736111,-122.2705111,2019,7,July,19,Friday,23,Interstate,Interstate,1,1,0,1,Single,1,The First Harmful Event was Not a Collision with a Motor Vehicle in Transport,Dark - Lighted,1
61577,California,TULARE,NOT APPLICABLE,36.56500556,-119.1336639,2019,9,September,16,Monday,15,Minor Arterial,State Highway,1,1,0,1,Single,1,The First Harmful Event was Not a Collision with a Motor Vehicle in Transport,Daylight,1
61578,California,IMPERIAL,NOT APPLICABLE,32.923475,-115.5949417,2019,8,August,13,Tuesday,19,Minor Collector,County Road,1,3,0,1,Single,0,The First Harmful Event was Not a Collision with a Motor Vehicle in Transport,Dusk,0.333333333
61579,California,SAN BERNARDINO,NOT APPLICABLE,35.41461944,-115.75835,2019,9,September,16,Monday,11,Interstate,Interstate,3,5,0,2,Double,0,The First Harmful Event was Not a Collision with a Motor Vehicle in Transport,Daylight,0.6
61580,California,TRINITY,NOT APPLICABLE,40.52291667,-123.1804861,2019,9,September,14,Saturday,99,Minor Arterial,State Highway,1,1,0,1,Single,1,The First Harmful Event was Not a Collision with a Motor Vehicle in Transport,Dark - Not Lighted,1
61581,California,SOLANO,FAIRFIELD,38.21603333,-122.1385194,2019,3,March,27,Wednesday,20,Interstate,Interstate,1,2,0,1,Single,1,The First Harmful Event was Not a Collision with a Motor Vehicle in Transport,Dark - Lighted,0.5
61582,California,KERN,NOT APPLICABLE,35.49821667,-119.5330944,2019,9,September,2,Monday,0,Interstate,Interstate,1,1,0,1,Single,1,The First Harmful Event was Not a Collision with a Motor Vehicle in Transport,Dark - Not Lighted,1
61583,California,RIVERSIDE,CORONA,33.88327222,-117.5478778,2019,8,August,12,Monday,99,Principal Arterial - Other Freeways and Expressways,State Highway,1,1,0,1,Single,1,The First Harmful Event was Not a Collision with a Motor Vehicle in Transport,Dark - Not Lighted,1
61584,California,SAN BERNARDINO,NOT APPLICABLE,34.15778889,-117.3441889,2019,6,June,18,Tuesday,16,Local,Unknown,1,4,0,2,Double,0,Angle ,Daylight,0.25
61586,California,ALAMEDA,SAN LEANDRO,37.69877222,-122.14985,2019,2,February,19,Tuesday,10,Interstate,Interstate,1,3,0,2,Double,0,Angle ,Daylight,0.333333333
61587,California,MONTEREY,NOT APPLICABLE,36.88283611,-121.7470139,2019,6,June,15,Saturday,22,Major Collector,Unknown,1,1,1,1,Single,1,The First Harmful Event was Not a Collision with a Motor Vehicle in Transport,Dark - Not Lighted,1
61588,California,SAN BERNARDINO,NOT APPLICABLE,34.72239722,-115.6643556,2019,7,July,19,Friday,15,Interstate,Interstate,1,1,0,1,Single,0,The First Harmful Event was Not a Collision with a Motor Vehicle in Transport,Daylight,1
61589,California,HUMBOLDT,NOT APPLICABLE,40.06259167,-123.9628778,2019,9,September,3,Tuesday,7,Minor Collector,Unknown,1,1,0,1,Single,1,The First Harmful Event was Not a Collision with a Motor Vehicle in Transport,Dawn,1
61590,California,TULARE,NOT APPLICABLE,36.31240556,-119.2205083,2019,1,January,19,Saturday,22,Major Collector,Unknown,1,1,1,1,Single,1,The First Harmful Event was Not a Collision with a Motor Vehicle in Transport,Dark - Not Lighted,1
61591,California,RIVERSIDE,NOT APPLICABLE,33.94122222,-117.0476556,2019,4,April,20,Saturday,19,Principal Arterial - Other Freeways and Expressways,State Highway,1,2,0,1,Single,1,The First Harmful Event was Not a Collision with a Motor Vehicle in Transport,Dusk,0.5
61593,California,SAN BERNARDINO,NOT APPLICABLE,34.31077778,-117.4734361,2019,5,May,30,Thursday,19,Interstate,Interstate,1,4,0,2,Double,1,The First Harmful Event was Not a Collision with a Motor Vehicle in Transport,Dark - Not Lighted,0.25
61594,California,SANTA CLARA,NOT APPLICABLE,37.25481111,-122.08995,2019,8,August,30,Friday,20,Major Collector,State Highway,1,2,0,1,Single,0,The First Harmful Event was Not a Collision with a Motor Vehicle in Transport,Dark - Lighted,0.5
61595,California,SAN JOAQUIN,STOCKTON,38.00410833,-121.2916167,2019,5,May,9,Thursday,22,Principal Arterial - Other,Unknown,1,2,0,1,Single,1,The First Harmful Event was Not a Collision with a Motor Vehicle in Transport,Dark - Lighted,0.5
61596,California,LOS ANGELES,AGOURA HILLS,34.16214167,-118.75715,2019,9,September,1,Sunday,17,Minor Arterial,Unknown,1,4,0,2,Double,0,Angle ,Daylight,0.25
61597,California,SAN DIEGO,SANTEE,32.84396667,-116.9692917,2019,5,May,7,Tuesday,5,Minor Arterial,Unknown,1,1,1,1,Single,0,The First Harmful Event was Not a Collision with a Motor Vehicle in Transport,Dark - Lighted,1
61598,California,NAPA,NOT APPLICABLE,38.47138611,-122.4320278,2019,9,September,4,Wednesday,18,Minor Arterial,State Highway,1,1,0,1,Single,1,The First Harmful Event was Not a Collision with a Motor Vehicle in Transport,Daylight,1
61599,California,LOS ANGELES,NOT APPLICABLE,34.56704722,-117.9431361,2019,6,June,9,Sunday,19,Major Collector,Unknown,1,2,0,2,Double,1,Angle ,Dusk,0.5
61600,California,LOS ANGELES,PICO RIVERA,34.00055556,-118.0839833,2019,8,August,12,Monday,22,Minor Collector,Local Street - Municipality,1,1,1,1,Single,0,The First Harmful Event was Not a Collision with a Motor Vehicle in Transport,Dark - Lighted,1
61601,California,TULARE,TULARE,36.20865833,-119.3419667,2019,8,August,24,Saturday,19,Principal Arterial - Other,State Highway,1,2,1,1,Single,0,The First Harmful Event was Not a Collision with a Motor Vehicle in Transport,Dusk,0.5
61602,California,SACRAMENTO,FOLSOM,38.68449444,-121.1807417,2019,8,August,11,Sunday,0,Principal Arterial - Other,Unknown,1,2,0,2,Double,2,The First Harmful Event was Not a Collision with a Motor Vehicle in Transport,Dark - Lighted,0.5
61603,California,LOS ANGELES,PARAMOUNT,33.903775,-118.1558361,2019,9,September,13,Friday,0,Principal Arterial - Other,Local Street - Municipality,1,3,0,3,Multiple,0,Sideswipe - Same Direction,Dark - Lighted,0.333333333
61604,California,PLACER,NOT APPLICABLE,38.97954167,-120.9409139,2019,9,September,18,Wednesday,23,Major Collector,County Road,1,1,0,1,Single,1,The First Harmful Event was Not a Collision with a Motor Vehicle in Transport,Dark - Not Lighted,1
61605,California,SAN JOAQUIN,LODI,38.11323056,-121.2587611,2019,8,August,2,Friday,7,Principal Arterial - Other Freeways and Expressways,State Highway,2,2,0,1,Single,0,The First Harmful Event was Not a Collision with a Motor Vehicle in Transport,Daylight,1
61606,California,SONOMA,NOT APPLICABLE,38.48614722,-122.8127222,2019,6,June,26,Wednesday,13,Major Collector,Unknown,1,4,0,3,Multiple,0,Angle ,Daylight,0.25
61607,California,TULARE,NOT APPLICABLE,36.26876111,-119.2044472,2019,8,August,10,Saturday,23,Local,Unknown,1,1,0,1,Single,1,The First Harmful Event was Not a Collision with a Motor Vehicle in Transport,Dark - Not Lighted,1
61608,California,VENTURA,NOT APPLICABLE,34.29348889,-119.3382889,2019,7,July,17,Wednesday,20,Principal Arterial - Other Freeways and Expressways,U.S. Highway,1,1,1,1,Single,0,The First Harmful Event was Not a Collision with a Motor Vehicle in Transport,Dark - Not Lighted,1
61609,California,SAN BERNARDINO,NOT APPLICABLE,34.14945556,-117.2524333,2019,7,July,26,Friday,20,Minor Collector,Local Street - Municipality,1,1,1,1,Single,0,The First Harmful Event was Not a Collision with a Motor Vehicle in Transport,Dark - Not Lighted,1
61610,California,SAN BERNARDINO,NOT APPLICABLE,34.37067778,-117.544025,2019,7,July,28,Sunday,10,Minor Arterial,State Highway,1,2,0,2,Double,0,Angle ,Daylight,0.5
61611,California,ALPINE,NOT APPLICABLE,38.58525833,-119.7895806,2019,9,September,28,Saturday,15,Principal Arterial - Other Freeways and Expressways,State Highway,1,2,0,2,Double,0,The First Harmful Event was Not a Collision with a Motor Vehicle in Transport,Daylight,0.5
61612,California,NAPA,NOT APPLICABLE,38.46708056,-122.4290528,2019,8,August,5,Monday,20,Minor Arterial,State Highway,1,3,1,2,Double,0,The First Harmful Event was Not a Collision with a Motor Vehicle in Transport,Dark - Not Lighted,0.333333333
61613,California,KINGS,NOT APPLICABLE,36.24005833,-119.7729806,2019,6,June,10,Monday,1,Local,Unknown,1,2,1,1,Single,1,The First Harmful Event was Not a Collision with a Motor Vehicle in Transport,Dark - Not Lighted,0.5
61614,California,KERN,NOT APPLICABLE,34.86384444,-118.2128167,2019,7,July,17,Wednesday,20,Principal Arterial - Other,Unknown,1,1,1,1,Single,0,The First Harmful Event was Not a Collision with a Motor Vehicle in Transport,Dusk,1
61615,California,RIVERSIDE,NOT APPLICABLE,33.83375278,-117.3583222,2019,3,March,16,Saturday,5,Minor Arterial,Unknown,4,4,0,2,Double,1,Front-to-Front,Dark - Not Lighted,1
61616,California,RIVERSIDE,CORONA,33.88634722,-117.5179972,2019,5,May,6,Monday,2,Principal Arterial - Other Freeways and Expressways,State Highway,1,1,0,1,Single,1,The First Harmful Event was Not a Collision with a Motor Vehicle in Transport,Dark - Lighted,1
61617,California,RIVERSIDE,NOT APPLICABLE,33.84001389,-117.0656417,2019,8,August,10,Saturday,4,Minor Arterial,Unknown,1,2,0,2,Double,1,Front-to-Front,Dark - Not Lighted,0.5
61618,California,SAN BERNARDINO,NOT APPLICABLE,34.18096389,-117.1653861,2019,1,January,17,Thursday,18,Minor Arterial,State Highway,1,1,1,1,Single,0,The First Harmful Event was Not a Collision with a Motor Vehicle in Transport,Dark - Not Lighted,1
61619,California,SAN BERNARDINO,FONTANA,34.09941667,-117.4263139,2019,6,June,25,Tuesday,0,Minor Arterial,Unknown,1,2,1,1,Single,0,The First Harmful Event was Not a Collision with a Motor Vehicle in Transport,Dark - Lighted,0.5
61620,California,SAN BERNARDINO,ONTARIO,34.03370833,-117.6671528,2019,4,April,7,Sunday,0,Minor Arterial,Unknown,1,1,0,3,Multiple,0,The First Harmful Event was Not a Collision with a Motor Vehicle in Transport,Dark - Lighted,1
61621,California,LOS ANGELES,LONG BEACH,33.80440556,-118.2165667,2019,9,September,15,Sunday,21,Principal Arterial - Other,Local Street - Municipality,1,1,1,1,Single,0,The First Harmful Event was Not a Collision with a Motor Vehicle in Transport,Dark - Lighted,1
61622,California,RIVERSIDE,GARNET,33.82490278,-116.5437833,2019,7,July,27,Saturday,19,Local,Unknown,1,1,2,1,Single,1,The First Harmful Event was Not a Collision with a Motor Vehicle in Transport,Daylight,1
61623,California,ORANGE,STANTON,33.80495833,-118.0019389,2019,4,April,8,Monday,23,Minor Arterial,Unknown,1,1,1,1,Single,0,The First Harmful Event was Not a Collision with a Motor Vehicle in Transport,Dark - Lighted,1
61624,California,SAN BERNARDINO,TWENTYNINE PALMS,34.14981111,-116.0772306,2019,7,July,9,Tuesday,13,Minor Arterial,Unknown,1,1,1,1,Single,0,The First Harmful Event was Not a Collision with a Motor Vehicle in Transport,Daylight,1
61625,California,LOS ANGELES,LOS ANGELES,34.19393333,-118.3972917,2019,4,April,24,Wednesday,10,Minor Arterial,Unknown,1,7,0,3,Multiple,0,Front-to-Front,Daylight,0.142857143
61626,California,VENTURA,VENTURA,34.27828333,-119.2872611,2019,5,May,16,Thursday,22,Minor Arterial,Unknown,1,1,1,1,Single,0,The First Harmful Event was Not a Collision with a Motor Vehicle in Transport,Dark - Lighted,1
61627,California,RIVERSIDE,CATHEDRAL CITY,33.8449,-116.4765806,2019,5,May,31,Friday,2,Minor Arterial,Unknown,1,2,0,1,Single,1,The First Harmful Event was Not a Collision with a Motor Vehicle in Transport,Dark - Lighted,0.5
61628,California,SAN JOAQUIN,STOCKTON,37.95228889,-121.2719861,2019,5,May,2,Thursday,19,Local,Unknown,1,1,1,1,Single,0,The First Harmful Event was Not a Collision with a Motor Vehicle in Transport,Dark - Lighted,1
61629,California,ORANGE,HUNTINGTON BEACH,33.71587778,-117.9889833,2019,3,March,10,Sunday,3,Principal Arterial - Other,State Highway,1,1,1,1,Single,1,The First Harmful Event was Not a Collision with a Motor Vehicle in Transport,Dark - Lighted,1