CaseNumber,State,County,City,Lat,Long,Year,Month,MonthName,Day,WeekDay,Hour,Function,Route,Fatalities,People,Pedestrian,Vehicle_total,Vehicle_ord,DrunkDriver,CollisionType,LightConditions,Deadly
61759,California,MARIN,NOVATO,38.11731944,-122.5856806,2019,9,September,15,Sunday,12,Major Collector,Unknown,1,3,0,1,Single,0,The First Harmful Event was Not a Collision with a Motor Vehicle in Transport,Daylight,0.333333333
61760,California,LOS ANGELES,LANCASTER,34.70421944,-118.1037139,2019,9,September,14,Saturday,14,Principal Arterial - Other,Unknown,1,5,0,2,Double,0,Angle ,Daylight,0.2
61761,California,SACRAMENTO,NOT APPLICABLE,38.69957222,-121.3184389,2019,10,October,22,Tuesday,4,Interstate,Interstate,1,3,0,3,Multiple,0,Front-to-Rear ,Dark - Not Lighted,0.333333333
61762,California,KERN,NOT APPLICABLE,34.84274167,-119.0647944,2019,9,September,21,Saturday,15,Major Collector,County Road,1,5,0,1,Single,0,The First Harmful Event was Not a Collision with a Motor Vehicle in Transport,Daylight,0.2
61763,California,LOS ANGELES,NOT APPLICABLE,34.0886,-118.5953139,2019,2,February,10,Sunday,17,Local,Unknown,1,1,0,1,Single,0,The First Harmful Event was Not a Collision with a Motor Vehicle in Transport,Daylight,1
61764,California,KERN,NOT APPLICABLE,35.41892222,-118.9629667,2019,8,August,31,Saturday,9,Principal Arterial - Other,Unknown,1,2,1,1,Single,0,The First Harmful Event was Not a Collision with a Motor Vehicle in Transport,Daylight,0.5
61765,California,FRESNO,NOT APPLICABLE,36.56871111,-119.5750111,2019,2,February,23,Saturday,22,Major Collector,Unknown,1,4,0,2,Double,2,Angle ,Dark - Not Lighted,0.25
61766,California,MERCED,NOT APPLICABLE,37.45132778,-120.4328694,2019,6,June,7,Friday,99,Major Collector,Unknown,1,1,0,1,Single,1,The First Harmful Event was Not a Collision with a Motor Vehicle in Transport,Dark - Not Lighted,1
61767,California,VENTURA,CAMARILLO,34.22845556,-119.0953861,2019,7,July,14,Sunday,10,Major Collector,Unknown,1,1,0,1,Single,1,The First Harmful Event was Not a Collision with a Motor Vehicle in Transport,Daylight,1
61768,California,RIVERSIDE,RIVERSIDE,33.91834167,-117.4340222,2019,8,August,19,Monday,20,Major Collector,Unknown,1,1,1,1,Single,0,The First Harmful Event was Not a Collision with a Motor Vehicle in Transport,Dark - Lighted,1
61769,California,KERN,WASCO,35.60151111,-119.3580556,2019,8,August,23,Friday,20,Principal Arterial - Other,County Road,1,2,0,2,Double,1,Front-to-Rear ,Dark - Lighted,0.5
61770,California,LOS ANGELES,TORRANCE,33.82594444,-118.3564778,2019,4,April,27,Saturday,9,Principal Arterial - Other,Unknown,1,2,0,2,Double,0,Angle ,Daylight,0.5
61771,California,KERN,NOT APPLICABLE,35.52246667,-118.6703333,2019,8,August,9,Friday,15,Minor Arterial,State Highway,1,4,0,2,Double,0,Front-to-Front,Daylight,0.25
61772,California,LOS ANGELES,NOT APPLICABLE,34.50110556,-118.4542833,2019,1,January,14,Monday,6,Major Collector,County Road,1,1,0,1,Single,0,The First Harmful Event was Not a Collision with a Motor Vehicle in Transport,Dark - Not Lighted,1
61773,California,RIVERSIDE,RIVERSIDE,33.94521944,-117.4540417,2019,9,September,15,Sunday,19,Principal Arterial - Other,Unknown,1,1,1,1,Single,0,The First Harmful Event was Not a Collision with a Motor Vehicle in Transport,Dark - Lighted,1
61774,California,RIVERSIDE,MORENO VALLEY,33.91855833,-117.2611472,2019,8,August,12,Monday,21,Minor Arterial,Unknown,1,1,1,1,Single,1,The First Harmful Event was Not a Collision with a Motor Vehicle in Transport,Dark - Lighted,1
61775,California,LOS ANGELES,TORRANCE,33.79461667,-118.3366194,2019,4,April,23,Tuesday,9,Principal Arterial - Other,State Highway,1,2,0,2,Double,1,Angle ,Daylight,0.5
61776,California,SOLANO,VALLEJO,38.13742222,-122.2562111,2019,2,February,8,Friday,20,Principal Arterial - Other,Unknown,1,2,0,2,Double,0,Angle ,Dark - Lighted,0.5
61777,California,RIVERSIDE,NOT APPLICABLE,33.85804444,-117.0196611,2019,8,August,18,Sunday,5,Major Collector,Unknown,2,8,0,2,Double,0,Front-to-Front,Dawn,0.25
61778,California,SAN DIEGO,NOT APPLICABLE,32.83435833,-116.6219917,2019,7,July,16,Tuesday,19,Minor Arterial,State Highway,1,1,0,1,Single,1,The First Harmful Event was Not a Collision with a Motor Vehicle in Transport,Daylight,1
61779,California,CONTRA COSTA,RICHMOND,37.92551944,-122.3631139,2019,7,July,17,Wednesday,5,Interstate,Interstate,1,2,1,2,Double,0,The First Harmful Event was Not a Collision with a Motor Vehicle in Transport,Dawn,0.5
61780,California,KERN,NOT APPLICABLE,35.77599722,-119.1598611,2019,8,August,29,Thursday,14,Local,Unknown,1,3,0,2,Double,1,Front-to-Front,Daylight,0.333333333
61781,California,SAN BERNARDINO,NOT APPLICABLE,34.12286944,-117.2545444,2019,8,August,22,Thursday,23,Local,Unknown,1,1,1,1,Single,0,The First Harmful Event was Not a Collision with a Motor Vehicle in Transport,Dark - Lighted,1
61782,California,SAN BERNARDINO,COLTON,34.06512222,-117.3153583,2019,9,September,2,Monday,7,Interstate,Interstate,1,2,0,2,Double,1,Front-to-Rear ,Daylight,0.5
61783,California,FRESNO,KINGSBURG,36.51789722,-119.5585389,2019,8,August,21,Wednesday,16,Minor Arterial,State Highway,1,1,0,1,Single,1,The First Harmful Event was Not a Collision with a Motor Vehicle in Transport,Daylight,1
61784,California,LOS ANGELES,LOS ANGELES,34.11591389,-118.2753639,2019,8,August,23,Friday,12,Local,Unknown,1,1,1,1,Single,0,The First Harmful Event was Not a Collision with a Motor Vehicle in Transport,Daylight,1
61785,California,LOS ANGELES,LOS ANGELES,34.05480278,-118.2688222,2019,9,September,25,Wednesday,6,Principal Arterial - Other,Unknown,1,1,1,1,Single,0,The First Harmful Event was Not a Collision with a Motor Vehicle in Transport,Dawn,1
61786,California,SAN BERNARDINO,FONTANA,34.04813889,-117.4844917,2019,4,April,5,Friday,4,Minor Arterial,Unknown,1,3,0,2,Double,0,Angle ,Dark - Lighted,0.333333333
61787,California,SAN BERNARDINO,APPLE VALLEY,34.53600278,-117.2217917,2019,9,September,30,Monday,16,Local,Unknown,1,1,0,1,Single,0,The First Harmful Event was Not a Collision with a Motor Vehicle in Transport,Daylight,1
61788,California,SUTTER,NOT APPLICABLE,39.05986111,-121.633575,2019,10,October,18,Friday,6,Principal Arterial - Other,State Highway,2,2,0,2,Double,0,Front-to-Front,Dark - Not Lighted,1
61789,California,FRESNO,NOT APPLICABLE,37.027075,-119.5232167,2019,8,August,2,Friday,13,Minor Arterial,State Highway,1,2,0,2,Double,1,The First Harmful Event was Not a Collision with a Motor Vehicle in Transport,Daylight,0.5
61790,California,FRESNO,NOT APPLICABLE,36.76482778,-119.6604222,2019,8,August,13,Tuesday,7,Local,County Road,1,5,1,1,Single,0,The First Harmful Event was Not a Collision with a Motor Vehicle in Transport,Daylight,0.2
61791,California,LOS ANGELES,LOS ANGELES,34.315775,-118.4905667,2019,7,July,17,Wednesday,23,Interstate,Interstate,1,2,0,1,Single,0,The First Harmful Event was Not a Collision with a Motor Vehicle in Transport,Dark - Lighted,0.5
61792,California,SAN DIEGO,NOT APPLICABLE,33.07818056,-117.0986056,2019,9,September,24,Tuesday,19,Minor Arterial,County Road,1,1,1,1,Single,0,The First Harmful Event was Not a Collision with a Motor Vehicle in Transport,Dark - Not Lighted,1
61793,California,SAN DIEGO,NOT APPLICABLE,32.82081667,-116.9302694,2019,9,September,13,Friday,7,Major Collector,Unknown,1,2,0,2,Double,1,Angle ,Daylight,0.5
61794,California,SAN BERNARDINO,NOT APPLICABLE,34.31487778,-117.4783833,2019,8,August,1,Thursday,0,Interstate,Interstate,1,1,1,1,Single,0,The First Harmful Event was Not a Collision with a Motor Vehicle in Transport,Dark - Not Lighted,1
61796,California,HUMBOLDT,NOT APPLICABLE,41.08570556,-123.6978944,2019,9,September,7,Saturday,0,Minor Arterial,State Highway,1,2,1,1,Single,0,The First Harmful Event was Not a Collision with a Motor Vehicle in Transport,Dark - Not Lighted,0.5
61797,California,SAN DIEGO,OCEANSIDE,33.17485278,-117.3498861,2019,9,September,11,Wednesday,6,Interstate,Interstate,1,2,0,2,Double,0,The First Harmful Event was Not a Collision with a Motor Vehicle in Transport,Daylight,0.5
61798,California,LOS ANGELES,SOUTH EL MONTE,34.04513611,-118.0306222,2019,10,October,3,Thursday,11,Principal Arterial - Other,Unknown,1,1,1,1,Single,0,The First Harmful Event was Not a Collision with a Motor Vehicle in Transport,Daylight,1
61799,California,LOS ANGELES,LOS ANGELES,34.05708611,-118.3847528,2019,8,August,30,Friday,8,Local,Unknown,1,1,1,1,Single,0,The First Harmful Event was Not a Collision with a Motor Vehicle in Transport,Daylight,1
61800,California,RIVERSIDE,MORENO VALLEY,33.91014167,-117.2711889,2019,6,June,7,Friday,18,Minor Arterial,Unknown,1,2,0,2,Double,0,Angle ,Daylight,0.5
61801,California,TULARE,NOT APPLICABLE,36.25586389,-119.2963167,2019,8,August,7,Wednesday,17,Major Collector,Unknown,1,7,0,2,Double,0,Angle ,Daylight,0.142857143
61802,California,LOS ANGELES,LONG BEACH,33.80448611,-118.1401972,2019,4,April,15,Monday,21,Interstate,Interstate,1,3,0,2,Double,0,The First Harmful Event was Not a Collision with a Motor Vehicle in Transport,Dark - Not Lighted,0.333333333
61803,California,ORANGE,NOT APPLICABLE,33.7562,-117.6963889,2019,5,May,25,Saturday,2,Principal Arterial - Other,Unknown,2,5,0,1,Single,0,The First Harmful Event was Not a Collision with a Motor Vehicle in Transport,Dark - Not Lighted,0.4
61804,California,SANTA CRUZ,NOT APPLICABLE,37.04027222,-122.2286472,2019,8,August,11,Sunday,14,Minor Arterial,State Highway,1,3,0,2,Double,0,Front-to-Front,Daylight,0.333333333
61805,California,SAN LUIS OBISPO,NOT APPLICABLE,35.6802,-120.7514611,2019,9,September,2,Monday,14,Minor Arterial,Unknown,3,4,0,2,Double,0,Front-to-Front,Daylight,0.75
61806,California,RIVERSIDE,SAN JACINTO,33.79346944,-116.9715194,2019,6,June,27,Thursday,22,Minor Arterial,Unknown,1,1,1,1,Single,0,The First Harmful Event was Not a Collision with a Motor Vehicle in Transport,Dark - Lighted,1
61807,California,FRESNO,FRESNO,36.74299167,-119.8001,2019,8,August,31,Saturday,0,Local,Local Street - Municipality,1,2,0,6,Multiple,1,The First Harmful Event was Not a Collision with a Motor Vehicle in Transport,Dark - Lighted,0.5
61808,California,LOS ANGELES,PASADENA,34.15294444,-118.1587944,2019,9,September,2,Monday,22,Minor Arterial,Unknown,2,4,0,1,Single,1,The First Harmful Event was Not a Collision with a Motor Vehicle in Transport,Dark - Lighted,0.5
61809,California,LOS ANGELES,LOS ANGELES,33.99260278,-118.4229528,2019,2,February,24,Sunday,19,Principal Arterial - Other,Unknown,1,1,1,1,Single,0,The First Harmful Event was Not a Collision with a Motor Vehicle in Transport,Dark - Lighted,1
61810,California,YUBA,NOT APPLICABLE,39.03445556,-121.4626111,2019,10,October,23,Wednesday,15,Principal Arterial - Other,State Highway,1,5,0,2,Double,0,Angle ,Daylight,0.2
61811,California,SAN DIEGO,NOT APPLICABLE,33.26525278,-117.4329639,2019,10,October,14,Monday,5,Interstate,Interstate,1,2,0,2,Double,0,Front-to-Rear ,Dark - Not Lighted,0.5
61812,California,SAN DIEGO,NOT APPLICABLE,33.04212222,-116.9712361,2019,9,September,8,Sunday,10,Local,Unknown,1,2,0,2,Double,0,The First Harmful Event was Not a Collision with a Motor Vehicle in Transport,Daylight,0.5
61813,California,SAN BERNARDINO,NOT APPLICABLE,34.06830833,-117.3925861,2019,7,July,12,Friday,4,Interstate,Interstate,1,1,0,1,Single,1,The First Harmful Event was Not a Collision with a Motor Vehicle in Transport,Dark - Not Lighted,1
61814,California,TEHAMA,NOT APPLICABLE,40.25920833,-122.2406639,2019,10,October,12,Saturday,22,Major Collector,Unknown,1,2,0,1,Single,1,The First Harmful Event was Not a Collision with a Motor Vehicle in Transport,Dark - Not Lighted,0.5
61815,California,BUTTE,OROVILLE,39.50220833,-121.6048917,2019,9,September,12,Thursday,22,Major Collector,Unknown,1,1,0,1,Single,1,The First Harmful Event was Not a Collision with a Motor Vehicle in Transport,Dark - Not Lighted,1
61816,California,BUTTE,CHICO,39.73561389,-121.8177222,2019,10,October,5,Saturday,14,Principal Arterial - Other,State Highway,1,1,0,1,Single,1,The First Harmful Event was Not a Collision with a Motor Vehicle in Transport,Daylight,1
61817,California,SANTA CRUZ,NOT APPLICABLE,37.07947778,-122.0835028,2019,8,August,25,Sunday,6,Minor Arterial,State Highway,1,2,0,2,Double,0,Front-to-Front,Dark - Not Lighted,0.5
61818,California,INYO,NOT APPLICABLE,36.40980833,-116.7949028,2019,8,August,25,Sunday,15,Minor Arterial,State Highway,1,1,0,1,Single,0,The First Harmful Event was Not a Collision with a Motor Vehicle in Transport,Daylight,1
61819,California,SAN DIEGO,SAN DIEGO,32.71095278,-117.0549028,2019,8,August,26,Monday,2,Minor Arterial,Unknown,1,1,0,3,Multiple,0,The First Harmful Event was Not a Collision with a Motor Vehicle in Transport,Dark - Lighted,1
61820,California,LOS ANGELES,LOS ANGELES,34.20118889,-118.4117556,2019,9,September,21,Saturday,10,Principal Arterial - Other,Unknown,1,3,0,3,Multiple,0,Angle ,Daylight,0.333333333
61821,California,SACRAMENTO,SACRAMENTO,38.63496389,-121.4088111,2019,9,September,20,Friday,19,Minor Collector,Local Street - Municipality,1,2,1,2,Double,0,The First Harmful Event was Not a Collision with a Motor Vehicle in Transport,Dark - Lighted,0.5
61822,California,VENTURA,VENTURA,34.27513056,-119.2340083,2019,5,May,17,Friday,1,Minor Collector,Local Street - Municipality,1,5,0,1,Single,1,The First Harmful Event was Not a Collision with a Motor Vehicle in Transport,Dark - Lighted,0.2
61823,California,LOS ANGELES,LA VERNE,34.11870556,-117.7809333,2019,7,July,22,Monday,14,Principal Arterial - Other,U.S. Highway,1,5,0,3,Multiple,0,Front-to-Rear ,Daylight,0.2
61824,California,LOS ANGELES,LOS ANGELES,33.98196389,-118.258275,2019,9,September,4,Wednesday,14,Minor Arterial,Unknown,1,1,1,1,Single,0,The First Harmful Event was Not a Collision with a Motor Vehicle in Transport,Daylight,1
61825,California,LOS ANGELES,LONG BEACH,33.78054444,-118.1524333,2019,9,September,26,Thursday,6,Minor Arterial,Unknown,1,2,1,3,Multiple,0,The First Harmful Event was Not a Collision with a Motor Vehicle in Transport,Dark - Lighted,0.5
61826,California,RIVERSIDE,RIVERSIDE,33.94593889,-117.4016944,2019,5,May,19,Sunday,1,Principal Arterial - Other,Local Street - Municipality,1,2,0,1,Single,1,The First Harmful Event was Not a Collision with a Motor Vehicle in Transport,Dark - Lighted,0.5
61827,California,LOS ANGELES,LOS ANGELES,34.03557778,-118.2498528,2019,6,June,10,Monday,14,Local,Local Street - Municipality,1,1,1,1,Single,0,The First Harmful Event was Not a Collision with a Motor Vehicle in Transport,Daylight,1
61828,California,LOS ANGELES,NOT APPLICABLE,34.08305833,-118.18905,2019,9,September,2,Monday,20,Principal Arterial - Other,Unknown,1,1,1,1,Single,0,The First Harmful Event was Not a Collision with a Motor Vehicle in Transport,Dark - Lighted,1
61829,California,LOS ANGELES,HUNTINGTON PARK,33.98690556,-118.2013194,2019,9,September,26,Thursday,19,Local,Unknown,1,1,0,3,Multiple,0,The First Harmful Event was Not a Collision with a Motor Vehicle in Transport,Dark - Lighted,1
61830,California,LOS ANGELES,AGOURA HILLS,34.14492222,-118.7615278,2019,10,October,1,Tuesday,6,Minor Arterial,Unknown,1,1,1,1,Single,0,The First Harmful Event was Not a Collision with a Motor Vehicle in Transport,Dark - Lighted,1
61831,California,SHASTA,NOT APPLICABLE,40.49434722,-122.3869833,2019,8,August,30,Friday,13,Minor Arterial,Unknown,1,1,0,1,Single,0,The First Harmful Event was Not a Collision with a Motor Vehicle in Transport,Daylight,1
61832,California,SUTTER,NOT APPLICABLE,39.14157222,-121.711825,2019,10,October,10,Thursday,15,Principal Arterial - Other,State Highway,1,2,0,2,Double,0,Front-to-Rear ,Daylight,0.5
61833,California,SAN BERNARDINO,NOT APPLICABLE,34.34098056,-117.48235,2019,8,August,3,Saturday,23,Interstate,Interstate,1,3,0,2,Double,1,Front-to-Rear ,Dark - Not Lighted,0.333333333
61834,California,SAN JOAQUIN,NOT APPLICABLE,38.00539722,-121.2193139,2019,9,September,6,Friday,23,Principal Arterial - Other,State Highway,1,2,1,1,Single,0,The First Harmful Event was Not a Collision with a Motor Vehicle in Transport,Dark - Not Lighted,0.5
61835,California,HUMBOLDT,NOT APPLICABLE,41.08936944,-124.1507694,2019,6,June,25,Tuesday,3,Minor Collector,Unknown,3,3,0,1,Single,1,The First Harmful Event was Not a Collision with a Motor Vehicle in Transport,Dark - Not Lighted,1
61836,California,CALAVERAS,NOT APPLICABLE,38.19271111,-120.8072472,2019,10,October,8,Tuesday,14,Local,County Road,2,2,0,1,Single,1,The First Harmful Event was Not a Collision with a Motor Vehicle in Transport,Daylight,1
61837,California,SAN BERNARDINO,VICTORVILLE,34.47038056,-117.3673444,2019,3,March,23,Saturday,19,Minor Arterial,Unknown,1,2,0,2,Double,1,Front-to-Rear ,Dusk,0.5
61838,California,LOS ANGELES,LOS ANGELES,34.22818056,-118.5994278,2019,10,October,6,Sunday,0,Minor Arterial,Unknown,1,5,0,3,Multiple,1,Angle ,Dark - Lighted,0.2
61839,California,SANTA BARBARA,SANTA MARIA,34.96767778,-120.4312222,2019,3,March,16,Saturday,3,Minor Arterial,Unknown,2,5,0,2,Double,1,Angle ,Dark - Lighted,0.4
61840,California,ALAMEDA,OAKLAND,37.806525,-122.2815833,2019,5,May,16,Thursday,22,Minor Arterial,Unknown,1,1,0,1,Single,1,The First Harmful Event was Not a Collision with a Motor Vehicle in Transport,Dark - Lighted,1
61841,California,STANISLAUS,NOT APPLICABLE,37.54211111,-121.2701,2019,9,September,24,Tuesday,2,Interstate,Interstate,1,3,0,1,Single,0,The First Harmful Event was Not a Collision with a Motor Vehicle in Transport,Dark - Not Lighted,0.333333333
61842,California,ALAMEDA,PLEASANTON,37.6997,-121.9271,2019,8,August,7,Wednesday,22,Interstate,Interstate,1,3,0,2,Double,0,The First Harmful Event was Not a Collision with a Motor Vehicle in Transport,Dark - Lighted,0.333333333
61843,California,TULARE,VISALIA,36.327275,-119.3713111,2019,10,October,14,Monday,9,Principal Arterial - Other Freeways and Expressways,State Highway,1,1,1,1,Single,0,The First Harmful Event was Not a Collision with a Motor Vehicle in Transport,Daylight,1
61844,California,SAN BERNARDINO,RIALTO,34.13569722,-117.3749389,2019,8,August,3,Saturday,21,Principal Arterial - Other Freeways and Expressways,State Highway,1,1,1,1,Single,0,The First Harmful Event was Not a Collision with a Motor Vehicle in Transport,Dark - Lighted,1
61845,California,DEL NORTE,NOT APPLICABLE,41.88352778,-123.8176806,2019,10,October,8,Tuesday,10,Principal Arterial - Other,U.S. Highway,2,2,0,1,Single,1,The First Harmful Event was Not a Collision with a Motor Vehicle in Transport,Daylight,1
61846,California,PLACER,ROSEVILLE,38.73936944,-121.2745028,2019,10,October,3,Thursday,0,Interstate,Interstate,1,2,1,1,Single,0,The First Harmful Event was Not a Collision with a Motor Vehicle in Transport,Dark - Not Lighted,0.5
61847,California,PLACER,NOT APPLICABLE,38.93181389,-121.0904111,2019,10,October,22,Tuesday,5,Principal Arterial - Other,State Highway,1,2,0,2,Double,0,Front-to-Front,Dark - Lighted,0.5
61848,California,RIVERSIDE,Other,34.01851389,-117.5371417,2019,7,July,24,Wednesday,23,Principal Arterial - Other Freeways and Expressways,State Highway,1,1,0,1,Single,1,The First Harmful Event was Not a Collision with a Motor Vehicle in Transport,Dark - Lighted,1
61849,California,HUMBOLDT,NOT APPLICABLE,40.43558889,-123.7692,2019,9,September,8,Sunday,11,Major Collector,Other,1,1,0,1,Single,1,The First Harmful Event was Not a Collision with a Motor Vehicle in Transport,Daylight,1
61850,California,LOS ANGELES,LOS ANGELES,34.03391944,-118.3610583,2019,5,May,2,Thursday,4,Interstate,Interstate,2,4,0,2,Double,0,Front-to-Rear ,Dark - Lighted,0.5
61851,California,RIVERSIDE,NOT APPLICABLE,33.93525556,-117.1092778,2019,9,September,5,Thursday,13,Principal Arterial - Other,State Highway,2,6,0,3,Multiple,0,The First Harmful Event was Not a Collision with a Motor Vehicle in Transport,Daylight,0.333333333
61852,California,SHASTA,REDDING,40.54397222,-122.3862778,2019,6,June,13,Thursday,22,Principal Arterial - Other,State Highway,1,2,0,2,Double,0,Front-to-Rear ,Dark - Lighted,0.5
61853,California,LOS ANGELES,LOS ANGELES,34.07649722,-118.1948083,2019,8,August,4,Sunday,1,Principal Arterial - Other,Local Street - Municipality,1,1,0,3,Multiple,0,The First Harmful Event was Not a Collision with a Motor Vehicle in Transport,Dark - Lighted,1
61854,California,SAN BERNARDINO,CHINO,34.01884722,-117.7316972,2019,2,February,15,Friday,10,Principal Arterial - Other,Local Street - Municipality,1,1,1,1,Single,0,The First Harmful Event was Not a Collision with a Motor Vehicle in Transport,Daylight,1
61855,California,ALAMEDA,FREMONT,37.55295833,-121.9799222,2019,8,August,18,Sunday,23,Principal Arterial - Other,Unknown,1,1,1,1,Single,0,The First Harmful Event was Not a Collision with a Motor Vehicle in Transport,Dark - Lighted,1
61856,California,SACRAMENTO,SACRAMENTO,38.56636111,-121.4091333,2019,8,August,26,Monday,14,Principal Arterial - Other,Unknown,1,2,0,2,Double,0,Front-to-Front,Daylight,0.5
61857,California,LOS ANGELES,LOS ANGELES,34.002075,-118.4323111,2019,2,February,7,Thursday,19,Principal Arterial - Other,Unknown,1,1,1,1,Single,0,The First Harmful Event was Not a Collision with a Motor Vehicle in Transport,Dark - Lighted,1
61858,California,MERCED,NOT APPLICABLE,37.2898,-120.8513194,2019,10,October,7,Monday,4,Minor Arterial,State Highway,1,2,0,2,Double,0,Front-to-Front,Dark - Not Lighted,0.5
61859,California,MERCED,NOT APPLICABLE,37.04742778,-120.61845,2019,10,October,17,Thursday,11,Principal Arterial - Other,State Highway,1,2,0,1,Single,0,The First Harmful Event was Not a Collision with a Motor Vehicle in Transport,Daylight,0.5
61860,California,LOS ANGELES,ARCADIA,34.14898611,-118.0536389,2019,3,March,1,Friday,23,Interstate,Interstate,1,6,0,3,Multiple,0,Front-to-Rear ,Dark - Lighted,0.166666667
61861,California,RIVERSIDE,RIVERSIDE,33.93163611,-117.3481556,2019,3,March,6,Wednesday,10,Minor Arterial,Unknown,1,4,0,4,Multiple,0,Angle ,Daylight,0.25
61862,California,SAN BERNARDINO,ONTARIO,34.0634,-117.6319444,2019,2,February,23,Saturday,21,Principal Arterial - Other,Unknown,1,1,1,1,Single,0,The First Harmful Event was Not a Collision with a Motor Vehicle in Transport,Dark - Lighted,1
61863,California,SAN BERNARDINO,CHINO,34.01916111,-117.6756944,2019,3,March,9,Saturday,6,Principal Arterial - Other,Unknown,1,1,1,1,Single,0,The First Harmful Event was Not a Collision with a Motor Vehicle in Transport,Daylight,1
61864,California,LOS ANGELES,LOS ANGELES,33.79060833,-118.27395,2019,9,September,6,Friday,21,Principal Arterial - Other,State Highway,1,3,0,2,Double,1,Angle ,Dark - Lighted,0.333333333
61865,California,SAN BERNARDINO,RANCHO CUCAMONGA,34.137775,-117.6162806,2019,5,May,13,Monday,18,Minor Arterial,Unknown,1,3,0,2,Double,0,Angle ,Daylight,0.333333333
61866,California,ALAMEDA,SAN LEANDRO,37.70174167,-122.1781806,2019,7,July,31,Wednesday,7,Principal Arterial - Other,Unknown,1,3,0,2,Double,0,Other ,Daylight,0.333333333
61867,California,SAN BERNARDINO,RANCHO CUCAMONGA,34.10831389,-117.5372472,2019,5,May,28,Tuesday,12,Local,Unknown,1,2,0,1,Single,0,The First Harmful Event was Not a Collision with a Motor Vehicle in Transport,Daylight,0.5
61868,California,KERN,NOT APPLICABLE,35.09452778,-118.6609667,2019,1,January,28,Monday,16,Local,Unknown,1,2,1,1,Single,0,The First Harmful Event was Not a Collision with a Motor Vehicle in Transport,Daylight,0.5
61869,California,LASSEN,NOT APPLICABLE,40.2046,-120.3023972,2019,8,August,24,Saturday,14,Major Collector,Unknown,1,4,0,2,Double,0,Angle ,Daylight,0.25
61870,California,MADERA,NOT APPLICABLE,37.05426389,-120.0891278,2019,9,September,28,Saturday,4,Local,Unknown,1,2,0,2,Double,0,Front-to-Front,Dark - Not Lighted,0.5
61871,California,LOS ANGELES,BALDWIN PARK,34.05703056,-118.0025889,2019,2,February,6,Wednesday,5,Interstate,Interstate,1,9,0,7,Multiple,0,Sideswipe - Same Direction,Dawn,0.111111111
61872,California,SAN DIEGO,NOT APPLICABLE,32.63020556,-116.4578639,2019,6,June,28,Friday,18,Minor Arterial,State Highway,1,5,0,2,Double,1,Angle ,Daylight,0.2
61873,California,SAN BERNARDINO,NOT APPLICABLE,35.256475,-116.033525,2019,9,September,12,Thursday,16,Local,Unknown,2,3,0,1,Single,0,The First Harmful Event was Not a Collision with a Motor Vehicle in Transport,Daylight,0.666666667
61874,California,SAN BERNARDINO,NOT APPLICABLE,34.7179,-115.7159778,2019,10,October,7,Monday,22,Interstate,Interstate,1,1,0,1,Single,0,The First Harmful Event was Not a Collision with a Motor Vehicle in Transport,Dark - Not Lighted,1
61875,California,SIERRA,NOT APPLICABLE,39.51392778,-120.2809583,2019,9,September,21,Saturday,14,Minor Arterial,State Highway,1,1,0,1,Single,0,The First Harmful Event was Not a Collision with a Motor Vehicle in Transport,Daylight,1
61876,California,ORANGE,WESTMINSTER,33.75548333,-118.0071611,2019,7,July,24,Wednesday,22,Principal Arterial - Other,Unknown,1,1,1,1,Single,0,The First Harmful Event was Not a Collision with a Motor Vehicle in Transport,Dark - Lighted,1
61877,California,SAN DIEGO,ESCONDIDO,33.07361944,-117.0701056,2019,9,September,2,Monday,15,Interstate,Interstate,2,4,0,2,Double,0,Angle ,Daylight,0.5
61878,California,ALAMEDA,BERKELEY,37.86540833,-122.2635667,2019,5,May,31,Friday,23,Minor Collector,Local Street - Municipality,1,11,0,7,Multiple,0,Front-to-Rear ,Dark - Lighted,0.090909091
61879,California,RIVERSIDE,LA QUINTA,33.67263056,-116.3071139,2019,7,July,31,Wednesday,22,Minor Arterial,Unknown,1,1,0,1,Single,1,The First Harmful Event was Not a Collision with a Motor Vehicle in Transport,Dark - Lighted,1
61880,California,ORANGE,EAST IRVINE,33.69347222,-117.8553833,2019,8,August,2,Friday,18,Principal Arterial - Other,Unknown,1,1,0,1,Single,0,The First Harmful Event was Not a Collision with a Motor Vehicle in Transport,Daylight,1
61881,California,SAN BERNARDINO,ONTARIO,34.05254167,-117.6183778,2019,7,July,31,Wednesday,1,Principal Arterial - Other,Local Street - Municipality,1,1,1,1,Single,1,The First Harmful Event was Not a Collision with a Motor Vehicle in Transport,Dark - Not Lighted,1
61882,California,SOLANO,FAIRFIELD,38.22122778,-122.1466389,2019,9,September,4,Wednesday,17,Local,Unknown,1,2,0,2,Double,2,The First Harmful Event was Not a Collision with a Motor Vehicle in Transport,Daylight,0.5
61883,California,RIVERSIDE,Other,34.0061,-117.5028917,2019,8,August,2,Friday,2,Principal Arterial - Other,Local Street - Municipality,1,2,0,2,Double,0,Angle ,Dark - Not Lighted,0.5
61884,California,SAN BERNARDINO,VICTORVILLE,34.54339167,-117.3253889,2019,8,August,2,Friday,22,Minor Collector,Local Street - Municipality,1,2,1,1,Single,0,The First Harmful Event was Not a Collision with a Motor Vehicle in Transport,Dark - Not Lighted,0.5
61885,California,RIVERSIDE,MENIFEE,33.67220556,-117.1703472,2019,9,September,10,Tuesday,5,Local,Unknown,1,5,0,3,Multiple,0,Angle ,Dark - Lighted,0.2
61886,California,GLENN,NOT APPLICABLE,39.76521389,-122.0298194,2019,5,May,1,Wednesday,14,Major Collector,County Road,1,1,1,1,Single,0,The First Harmful Event was Not a Collision with a Motor Vehicle in Transport,Daylight,1